{
    "comments": {
        // symbols used for start and end a block comment. Remove this entry if your language does not support block comments
        "blockComment": [ "/*", "*/" ]
    },
    // symbols used as brackets
    "brackets": [
        ["[", "]"],
        ["(", ")"]
    ],
    "folding": {
		"markers": {
			"start": "^\\s*//\\s*#?region\\b",
			"end": "^\\s*//\\s*#?endregion\\b"
		}
	},
    // symbols that are auto closed when typing
    "autoClosingPairs": [
        ["[", "]"],
        ["(", ")"],
        ["'", "'"],
        { "open": "'", "close": "'", "notIn": ["string", "comment"] },
		{ "open": "\"", "close": "\"", "notIn": ["string"] },
		{ "open": "`", "close": "`", "notIn": ["string", "comment"] },
		{ "open": "/**", "close": " */", "notIn": ["string"] }
    ],
   
    "surroundingPairs": [
        ["[", "]"],
        ["(", ")"],
        ["'", "'"],
        ["'", "'"],
		["\"", "\""],
		["`", "`"]
    ],
    "wordPattern": "(-?\\d*\\.\\d\\w*)|([^\\`\\~\\!\\@\\#\\%\\^\\&\\*\\(\\)\\-\\=\\+\\[\\{\\]\\}\\\\\\|\\;\\:\\'\\\"\\,\\.\\<\\>\\/\\?\\s]+)",
    "indentationRules": {
		"increaseIndentPattern": "^((?!.*?\\/\\*).*\\*\/)?\\s*[\\}\\]].*$",
		"decreaseIndentPattern": "^((?!\\/\\/).)*(\\{[^}\"'`]*|\\([^)\"'`]*|\\[[^\\]\"'`]*)$"
	}
}