{
    "all" :{
        "name" : "All",
        "contexts" : "ABSENCE_CATEGORY_ID|ABSENCE_ENTRY_ID|ABSENCE_REASON_ID|ABSENCE_TYPE_ID|ACCRUAL_PLAN_ID|ACTION_CODE|ACTION_ID|ACTION_OCCURRENCE_ID|ACTION_REASON_CODE|ACTION_REASON_ID|ACTY_BASE_RT_ID|ADDRESS_ID|ADDRESS_TYPE|AREA1|AREA2|AREA3|AREA4|BAL_ADJ_LINE_ID|BENEFIT_RELATION_ID|BNFTS_BAL_ID|BUSINESS_GROUP_ID|CALC_BREAKDOWN_ID|COMPENSATION_RECORD_TYPE|CRT_ORDR_TYP_CD|DATE_EARNED|DEDUCTION_CARD_ID|DIR_CARD_COMP_ID|DYN_PRD_END_DATE|DYN_PRD_START_DATE|EFFECTIVE_DATE|ELEMENT_ENTRY_ID|ELEMENT_TYPE_ID|ELIG_PER_ELCTBL_CHC_ID|ELIG_PER_ID|END_DATE|ENRT_BNFT_ID|ENRT_CTFN_TYP_CD|ENTERPRISE_ID|ENTRY_USAGE_ID|EXCL_ABSENCE_CATEGORY_ID|EXCL_ABSENCE_REASON_ID|EXCL_ABSENCE_TYPE_ID|GRADE_ID|GRADE_RATE_ID|HR_ASSIGNMENT_ID|HR_RELATIONSHIP_ID|HR_TERM_ID|HWM_CTX_SEARCH_END_DATE|HWM_CTX_SEARCH_START_DATE|HWM_RESOURCE_ID|HWM_SUBRESOURCE_ID|INSURANCE_TYPE|JOB_ID|LC_DATE_FROM|LC_DATE_TO|LEGAL_EMPLOYER_ID||LEGAL_ENTITY_ID|LEGISLATIVE_DATA_GROUP_ID|LER_ID|LOCATION_ID|LOOKUP_CODE|LOOKUP_TYPE|MARITAL_STATUS|METHOD_NAME|OBJECT_GROUP_ID|OPT_ID|ORG_CLASSIFICATION_CODE|ORGANIZATION_ID|PAYROLL_ACTION_ID|PAYROLL_ASSIGNMENT_ID|PAYROLL_ID|PAYROLL_REL_ACTION_ID|PAYROLL_RELATIONSHIP_ID|PAYROLL_STAT_UNIT_ID|PAYROLL_TERM_ID|PER_IN_LER_ID|PERSON_ID|PGM_ID|PL_ID|PL_TYP_ID|POSITION_ID|REFERENCE_CODE|REFERENCE_NUMBER|REGN_ID|REPORTING_REFERENCE_CODE|REPORTING_TIME_PERIOD_ID|RPTG_GRP_ID|START_DATE|STATUTORY_REPORT_CODE|STATUTORY_REPORT_TYPE|TALENT_PROFILE_CONTENT_TYPE|TAX_UNIT_ID|THIRD_PARTY_PAYEE_ID|WORK_NUMBER|XLE_LEG_CATEGORY_CODE|XLE_LEGAL_AUTHORITY_ID"
    },
    "unknown" : {
        "name" : "Unknown",
        "contexts" : "EFFECTIVE_DATE"
    },
    "absence" : {
        "name" : "Absence",
        "contexts" : "EFFECTIVE_DATE|HR_ASSIGNMENT_ID|LEGISLATIVE_DATA_GROUP_ID"
    },
    "accrual" : {
        "name" : "Accrual",
        "contexts" : "ACCRUAL_PLAN_ID|DATE_EARNED|EFFECTIVE_DATE|ELEMENT_ENTRY_ID|HR_ASSIGNMENT_ID|HR_RELATIONSHIP_ID|HR_TERM_ID|LEGISLATIVE_DATA_GROUP_ID|PAYROLL_ASSIGNMENT_ID|PAYROLL_ID|PAYROLL_RELATIONSHIP_ID|PAYROLL_REL_ACTION_ID|PAYROLL_TERM_ID|PERSON_ID"
    },
    "accrualcarryover" : {
        "name" : "Accrual Carryover",
        "contexts" : "ACCRUAL_PLAN_ID|DATE_EARNED|EFFECTIVE_DATE|ELEMENT_ENTRY_ID|HR_ASSIGNMENT_ID|HR_RELATIONSHIP_ID|HR_TERM_ID|LEGISLATIVE_DATA_GROUP_ID|PAYROLL_ASSIGNMENT_ID|PAYROLL_ID|PAYROLL_RELATIONSHIP_ID|PAYROLL_REL_ACTION_ID|PAYROLL_TERM_ID|PERSON_ID"
    },
    "accrualineligibility" : {
        "name" : "Accrual Ineligibility",
        "contexts" : "ACCRUAL_PLAN_ID|DATE_EARNED|EFFECTIVE_DATE|ELEMENT_ENTRY_ID|HR_ASSIGNMENT_ID|HR_RELATIONSHIP_ID|HR_TERM_ID|LEGISLATIVE_DATA_GROUP_ID|PAYROLL_ASSIGNMENT_ID|PAYROLL_ID|PAYROLL_RELATIONSHIP_ID|PAYROLL_REL_ACTION_ID|PAYROLL_TERM_ID|PERSON_ID"
    },
    "accrualsubformula" : {
        "name" : "Accrual Subformula",
        "contexts" : "ACCRUAL_PLAN_ID|EFFECTIVE_DATE|ELEMENT_ENTRY_ID|HR_ASSIGNMENT_ID|HR_RELATIONSHIP_ID|HR_TERM_ID|LEGISLATIVE_DATA_GROUP_ID|PAYROLL_ASSIGNMENT_ID|PAYROLL_ID|PAYROLL_RELATIONSHIP_ID|PAYROLL_REL_ACTION_ID|PAYROLL_TERM_ID|PERSON_ID"
    },
    "actiontypeduedate" : {
        "name" : "Action Type Due Date",
        "contexts" : "BUSINESS_GROUP_ID|DATE_EARNED|EFFECTIVE_DATE|ELIG_PER_ELCTBL_CHC_ID|HR_ASSIGNMENT_ID|HR_RELATIONSHIP_ID|HR_TERM_ID|JOB_ID|LEGAL_EMPLOYER_ID|LEGISLATIVE_DATA_GROUP_ID|LER_ID|OPT_ID|ORGANIZATION_ID|PAYROLL_ASSIGNMENT_ID|PAYROLL_RELATIONSHIP_ID|PAYROLL_TERM_ID|PERSON_ID|PGM_ID|PL_ID|PL_TYP_ID"
    },
    "agecalculation" : {
        "name" : "Age Calculation",
        "contexts" : "BENEFIT_RELATION_ID|BUSINESS_GROUP_ID|DATE_EARNED|EFFECTIVE_DATE|HR_ASSIGNMENT_ID|HR_RELATIONSHIP_ID|HR_TERM_ID|JOB_ID|LC_DATE_FROM|LC_DATE_TO|LEGAL_EMPLOYER_ID|LEGISLATIVE_DATA_GROUP_ID|LER_ID|OPT_ID|ORGANIZATION_ID|PAYROLL_ASSIGNMENT_ID|PAYROLL_ID|PAYROLL_RELATIONSHIP_ID|PAYROLL_TERM_ID|PERSON_ID|PGM_ID|PL_ID|PL_TYP_ID"
    },
    "agedeterminationdate" : {
        "name" : "Age Determination Date",
        "contexts" : "BENEFIT_RELATION_ID|BNFTS_BAL_ID|BUSINESS_GROUP_ID|DATE_EARNED|EFFECTIVE_DATE|HR_ASSIGNMENT_ID|HR_RELATIONSHIP_ID|HR_TERM_ID|JOB_ID|LC_DATE_FROM|LC_DATE_TO|LEGAL_EMPLOYER_ID|LEGISLATIVE_DATA_GROUP_ID|LER_ID|OPT_ID|ORGANIZATION_ID|PAYROLL_ASSIGNMENT_ID|PAYROLL_ID|PAYROLL_RELATIONSHIP_ID|PAYROLL_TERM_ID|PERSON_ID|PGM_ID|PL_ID|PL_TYP_ID"
    }
}




